<?xml version="1.0" encoding="UTF-8" standalone="yes"?>
<addon id="plugin.video.animestream"
		 name="Anime Stream"
		 version="0.0.4"
		 provider-name="Torenado">
	<requires>
	<import addon="xbmc.python" version="2.0"/>
	<import addon="script.common.plugin.cache" version="0.9.1"/>
	<import addon="script.module.urlresolver.modded" version="1.0.1"/>
	</requires>
	<extension point="xbmc.python.pluginsource" library="default.py">
		<provides>video</provides>
	</extension>
	<extension point="xbmc.addon.metadata">
	<summary>Anime Stream - Watch Streaming Anime from Across the Net</summary>
	<description>Watch your favorite anime from across various streaming websites in one simple interface. Pulls metadata from anidb.net and theTVdb.com.  If you setup your anidb.net login credentials, the addon will show your wishlist items (setup a Public Wishlist through anidb.net) and the series/episodes you have logged as watched.
	Current sites:
	- anilinkz.com
	- anime44.com
	- animecrazy.net
	- animeflavor.com
	- animefreak.tv
	- animefushigi.com
	- animetip.com
	- myanimelinks.com</description>
	<disclaimer>This addon makes no warranties, expressed or implied, and hereby disclaims and negates all other warranties, including without limitation, implied warranties or conditions of merchantability, fitness for a particular purpose, or non-infringement of intellectual property or other violation of rights. Further,	Anime Crazy addon does not warrant or make any representations concerning the accuracy, likely results, or reliability of the use of the materials on the Internet web site where from data is retrieved or otherwise relating to such materials or on any sites linked to this addon. Videos are soruced from video-hosting websites that are having full rights to remove such access to video if required.</disclaimer>
	<platform>all</platform>
	</extension>
</addon>
